month,asset_class,asset_name,metric,value,basis
2026-06,Repository,wadehowell1/bhba-2027,commits,47,measured
2026-08,Repository,wadehowell1/lean-six-sigma-faceless,commits,3,measured
2026-09,Repository,wadehowell1/lean-six-sigma-faceless,commits,5,measured
2026-08,Repository,wadehowell1/ai-hedge-fund-,commits,8,measured
2026-09,Repository,wadehowell1/ai-hedge-fund-,commits,1,measured
2026-08,Skill,performance-report,provisioned,1,measured
2026-08,Skill,review-animations,provisioned,1,measured
2026-08,Skill,analysis-assumptions-log,provisioned,1,measured
2026-08,Skill,animation-vocabulary,provisioned,1,measured
2026-08,Skill,emil-design-eng,provisioned,1,measured
2026-08,Skill,pdf-ocr-extraction,provisioned,1,measured
2026-08,Skill,seo-audit,provisioned,1,measured
2026-08,Skill,page-cro,provisioned,1,measured
2026-08,Skill,aeo,provisioned,1,measured
2026-08,Skill,cold-email,provisioned,1,measured
2026-08,Skill,frontend-design,provisioned,1,measured
2026-08,Skill,copywriting,provisioned,1,measured
2026-08,Skill,pricing-strategy,provisioned,1,measured
2026-08,Skill,launch-strategy,provisioned,1,measured
2026-08,Skill,content-strategy,provisioned,1,measured
2026-08,Skill,data-visualization,provisioned,1,measured
2026-08,Skill,chief-of-staff,provisioned,1,measured
2026-08,Skill,scenario-war-room,provisioned,1,measured
2026-08,Skill,data-context-extractor,provisioned,1,measured
2026-08,Skill,ceo-advisor,provisioned,1,measured
2026-08,Skill,build-dashboard,provisioned,1,measured
2026-08,Skill,create-viz,provisioned,1,measured
2026-08,Skill,validate-data,provisioned,1,measured
2026-08,Skill,statistical-analysis,provisioned,1,measured
2026-08,Skill,analyze,provisioned,1,measured
2026-08,Skill,write-query,provisioned,1,measured
2026-08,Skill,agent-designer,provisioned,1,measured
2026-08,Skill,explore-data,provisioned,1,measured
2026-09,Skill,morning,provisioned,1,measured
2026-08,Skill,sql-queries,provisioned,1,measured
2026-09,Skill,import-memory,provisioned,1,measured
2026-08,Skill,impeccable,provisioned,1,measured
2026-09,Skill,web-artifacts-builder,provisioned,1,measured
2026-09,Skill,brand-guidelines,provisioned,1,measured
2026-09,Skill,mcp-builder,provisioned,1,measured
2026-05,Skill,share,provisioned,1,measured
2026-07,Skill,humanize-report,provisioned,1,measured
2026-09,Skill,skill-creator,provisioned,1,measured
2026-05,Skill,nomad-scout,provisioned,1,measured
2026-06,Skill,flight-tracker,provisioned,1,measured
2026-07,Skill,pdf,provisioned,1,measured
2026-08,Skill,xlsx,provisioned,1,measured
2026-08,Skill,pptx,provisioned,1,measured
2026-08,Skill,docx,provisioned,1,measured
2026-09,Skill,canvas-design,provisioned,1,measured
2026-09,Connector,Gmail,invocations,1,measured
2026-09,Connector,Google Calendar,invocations,1,measured
2026-09,Connector,Google Drive,invocations,1,measured
